City_ID,City,Country,Date,Lat,Lng,Max Temp,Humidity,Cloudiness,Wind Speed
0,Lasa,IT,2020-05-06 01:11:58,46.62,10.7,44.6,100,90,8.05
1,Rikitea,PF,2020-05-06 01:11:58,-23.12,-134.97,72.68,74,100,13.51
2,Chernyshevskiy,RU,2020-05-06 01:11:58,63.01,112.47,45.12,77,100,7.29
3,Hithadhoo,MV,2020-05-06 01:11:38,-0.6,73.08,84.42,74,93,9.17
4,Anadyr,RU,2020-05-06 01:11:59,64.75,177.48,26.6,73,0,4.47
5,Half Moon Bay,US,2020-05-06 01:11:59,37.46,-122.43,71.01,60,5,16.11
6,Punta Arenas,CL,2020-05-06 01:11:59,-53.15,-70.92,33.8,65,100,5.82
7,Chokurdakh,RU,2020-05-06 01:11:59,70.63,147.92,19.67,96,99,9.19
8,Salalah,OM,2020-05-06 01:12:00,17.02,54.09,82.4,83,40,2.24
9,Carnarvon,AU,2020-05-06 01:12:00,-24.87,113.63,70.97,69,39,16.89
10,Arvika,SE,2020-05-06 01:12:00,59.66,12.59,42.8,69,0,3.36
11,Bluff,NZ,2020-05-06 01:12:01,-46.6,168.33,53.74,79,100,21.45
12,Beinamar,TD,2020-05-06 01:12:01,8.67,15.38,81.82,47,99,4.27
13,Puerto Ayora,EC,2020-05-06 01:12:01,-0.74,-90.35,78.8,83,40,12.75
14,Sao Joao Da Barra,BR,2020-05-06 01:12:01,-21.64,-41.05,73.51,88,49,10.16
15,Sohag,EG,2020-05-06 01:12:02,26.56,31.69,69.8,37,0,11.41
16,Kalol,IN,2020-05-06 01:12:02,22.6,73.45,80.19,55,0,1.3
17,Hasaki,JP,2020-05-06 01:12:02,35.73,140.83,61.0,93,75,8.05
18,Nikolskoye,RU,2020-05-06 01:12:02,59.7,30.79,46.4,65,20,4.47
19,Ngaoundere,CM,2020-05-06 01:12:03,7.32,13.58,68.22,62,12,2.91
20,Poum,NC,2020-05-06 01:12:03,-20.23,164.02,70.16,83,100,16.06
21,Tadine,NC,2020-05-06 01:12:04,-21.55,167.88,70.23,83,100,22.26
22,Lebu,CL,2020-05-06 01:12:04,-37.62,-73.65,54.34,76,0,17.78
23,Castanos,MX,2020-05-06 01:12:04,26.78,-101.42,75.09,72,100,8.14
24,Ushuaia,AR,2020-05-06 01:10:05,-54.8,-68.3,39.2,64,95,6.93
25,Mataura,NZ,2020-05-06 01:12:04,-46.19,168.86,55.67,62,20,8.19
26,Caravelas,BR,2020-05-06 01:12:05,-17.71,-39.25,72.25,77,0,4.72
27,Isla Vista,US,2020-05-06 01:11:42,34.41,-119.86,86.0,31,38,10.0
28,Ponta Do Sol,PT,2020-05-06 01:12:05,32.67,-17.1,62.6,82,20,4.7
29,Pitogo,PH,2020-05-06 01:12:06,13.78,122.09,87.46,69,11,5.57
30,Mount Gambier,AU,2020-05-06 01:12:06,-37.83,140.77,55.4,66,100,13.87
31,Bredasdorp,ZA,2020-05-06 01:11:37,-34.53,20.04,57.2,93,0,1.52
32,Faanui,PF,2020-05-06 01:12:06,-16.48,-151.75,82.56,74,5,10.29
33,Bethel,US,2020-05-06 01:08:01,41.37,-73.41,55.4,24,1,8.05
34,Azle,US,2020-05-06 01:12:07,32.9,-97.55,73.99,33,1,11.41
35,Hobart,AU,2020-05-06 01:12:07,-42.88,147.33,59.0,54,83,16.11
36,Shalakusha,RU,2020-05-06 01:12:08,62.22,40.25,43.41,90,100,4.5
37,Klaksvik,FO,2020-05-06 01:12:08,62.23,-6.59,44.6,87,84,18.34
38,Jamestown,US,2020-05-06 01:12:08,42.1,-79.24,45.0,42,1,10.29
39,Kushiro,JP,2020-05-06 01:12:09,42.98,144.37,46.4,75,75,12.75
40,Benguela,AO,2020-05-06 01:12:09,-12.58,13.41,78.57,84,46,4.36
41,Victoria,HK,2020-05-06 01:11:17,22.29,114.16,84.2,79,40,5.82
42,Hit,IQ,2020-05-06 01:12:10,33.64,42.83,69.64,51,10,35.46
43,Kibala,TD,2020-05-06 01:12:10,9.11,18.35,84.2,62,100,10.25
44,Clyde River,CA,2020-05-06 01:12:11,70.47,-68.59,5.0,92,75,4.7
45,Atuona,PF,2020-05-06 01:12:11,-9.8,-139.03,81.46,71,0,15.17
46,Peque,CO,2020-05-06 01:12:11,7.02,-75.91,69.85,80,100,1.66
47,Padang,ID,2020-05-06 01:08:59,-0.95,100.35,79.54,80,100,4.68
48,Albany,US,2020-05-06 01:10:08,42.6,-73.97,54.0,42,47,6.02
49,Khor,RU,2020-05-06 01:12:12,47.89,134.95,56.46,39,0,8.72
50,Yulara,AU,2020-05-06 01:12:12,-25.24,130.99,62.6,21,0,5.82
51,Vammala,FI,2020-05-06 01:12:12,61.33,22.9,37.0,74,100,1.12
52,Urengoy,RU,2020-05-06 01:12:13,65.97,78.37,33.03,99,100,6.89
53,Katsuura,JP,2020-05-06 01:12:13,35.13,140.3,66.0,88,75,8.05
54,Crotone,IT,2020-05-06 01:12:14,39.09,17.12,62.15,57,3,2.77
55,Mar Del Plata,AR,2020-05-06 01:11:48,-38.0,-57.56,54.0,76,90,11.41
56,Darhan,MN,2020-05-06 01:12:14,49.49,105.92,47.43,56,100,20.36
57,Tautira,PF,2020-05-06 01:12:14,-17.73,-149.15,80.6,83,78,14.99
58,Vuktyl,RU,2020-05-06 01:12:14,63.86,57.31,37.9,97,100,1.68
59,Vanimo,PG,2020-05-06 01:12:15,-2.67,141.3,88.52,62,9,1.63
60,Concordia,AR,2020-05-06 01:12:15,-31.39,-58.02,54.0,76,0,7.0
61,Tura,IN,2020-05-06 01:07:17,25.52,90.22,74.39,83,90,3.6
62,Saint-Philippe,RE,2020-05-06 01:12:16,-21.36,55.77,73.4,78,44,4.7
63,Barrow,US,2020-05-06 01:11:08,71.29,-156.79,17.6,78,1,10.29
64,Gandia,ES,2020-05-06 01:12:16,38.97,-0.18,66.0,8,0,1.92
65,San Cristobal,VE,2020-05-06 01:08:05,7.77,-72.22,69.28,89,100,2.93
66,Chara,RU,2020-05-06 01:12:17,56.91,118.26,48.6,49,100,1.83
67,Touros,BR,2020-05-06 01:12:17,-5.2,-35.46,77.0,100,40,4.7
68,Vila Velha,BR,2020-05-06 01:08:22,-20.33,-40.29,73.4,83,39,11.41
69,Panaba,MX,2020-05-06 01:12:18,21.28,-88.27,83.79,60,100,7.85
70,Mahebourg,MU,2020-05-06 01:12:18,-20.41,57.7,73.4,94,40,3.36
71,Vaini,TO,2020-05-06 01:12:19,-21.2,-175.2,80.6,83,75,6.93
72,Kaitangata,NZ,2020-05-06 01:12:19,-46.28,169.85,57.0,58,55,15.99
73,Najran,SA,2020-05-06 01:12:19,17.49,44.13,73.4,60,40,2.15
74,Ancud,CL,2020-05-06 01:12:19,-41.87,-73.82,46.0,100,20,3.36
75,Cayenne,GF,2020-05-06 01:12:19,4.93,-52.33,80.6,88,75,9.17
76,Husavik,IS,2020-05-06 01:11:53,66.04,-17.34,41.0,60,0,24.16
77,Yellowknife,CA,2020-05-06 01:12:20,62.46,-114.35,46.4,39,20,12.75
78,Kansk,RU,2020-05-06 01:10:28,56.2,95.72,38.75,87,100,19.69
79,Noumea,NC,2020-05-06 01:09:34,-22.28,166.46,73.0,77,100,11.41
80,Beringovskiy,RU,2020-05-06 01:12:20,63.05,179.32,27.43,90,0,2.42
81,Mezen,RU,2020-05-06 01:12:21,65.85,44.24,30.18,98,23,4.7
82,Airai,TL,2020-05-06 01:12:21,-8.93,125.41,71.28,84,16,3.67
83,Port Elizabeth,ZA,2020-05-06 01:10:03,-33.92,25.57,64.4,77,40,13.87
84,Bull Savanna,JM,2020-05-06 01:12:22,17.89,-77.59,77.02,84,100,7.83
85,Bathsheba,BB,2020-05-06 01:12:22,13.22,-59.52,80.6,78,40,18.34
86,Shahe,CN,2020-05-06 01:12:22,39.27,113.55,65.84,27,1,11.88
87,Chapais,CA,2020-05-06 01:12:22,49.78,-74.85,37.4,40,1,4.7
88,Lagoa,PT,2020-05-06 01:12:23,39.05,-27.98,60.37,86,100,15.57
89,Busselton,AU,2020-05-06 01:12:23,-33.65,115.33,48.0,96,86,24.45
90,Meulaboh,ID,2020-05-06 01:12:23,4.14,96.13,79.2,83,100,3.09
91,Roma,US,2020-05-06 01:10:30,43.21,-75.46,44.6,48,1,6.93
92,Havre-Saint-Pierre,CA,2020-05-06 01:12:24,50.23,-63.6,39.2,55,90,12.75
93,Esperance,AU,2020-05-06 01:12:25,-33.87,121.9,57.2,54,40,29.97
94,Macusani,PE,2020-05-06 01:12:28,-14.08,-70.43,36.45,83,86,2.06
95,Auki,SB,2020-05-06 01:12:29,-8.77,160.7,86.68,61,46,5.14
96,Abu Samrah,SY,2020-05-06 01:12:29,35.3,37.18,55.83,79,12,18.57
97,Butaritari,KI,2020-05-06 01:12:30,3.07,172.79,83.1,81,33,12.41
98,Khatanga,RU,2020-05-06 01:12:31,71.97,102.5,6.69,90,0,12.93
99,Severo-Kurilsk,RU,2020-05-06 01:12:31,50.68,156.12,34.11,89,100,30.09
100,Constitucion,CL,2020-05-06 01:12:31,-35.33,-72.42,57.72,59,16,6.96
101,Kirakira,SB,2020-05-06 01:12:32,-10.45,161.92,85.35,64,39,4.32
102,Vao,NC,2020-05-06 01:12:33,-22.67,167.48,72.0,75,100,26.75
103,Thompson,CA,2020-05-06 01:12:33,55.74,-97.86,35.6,51,5,11.41
104,Saint Anthony,US,2020-05-06 01:12:34,45.02,-93.22,57.99,26,1,3.36
105,Fenyi,CN,2020-05-06 01:12:34,27.81,114.67,73.17,85,100,4.47
106,Deputatskiy,RU,2020-05-06 01:12:35,69.3,139.9,19.45,97,100,4.05
107,Hermanus,ZA,2020-05-06 01:12:35,-34.42,19.23,57.99,89,6,8.55
108,Naze,JP,2020-05-06 01:12:35,28.37,129.48,73.4,100,75,9.17
109,Pouembout,NC,2020-05-06 01:12:36,-21.13,164.9,68.13,86,100,6.71
110,Beyneu,KZ,2020-05-06 01:12:36,45.32,55.2,59.4,47,100,18.5
111,Tasiilaq,GL,2020-05-06 01:12:36,65.61,-37.64,33.8,69,100,3.36
112,Shache,CN,2020-05-06 01:12:36,38.42,77.24,65.61,42,100,1.83
113,Charapan,MX,2020-05-06 01:12:37,19.67,-102.23,78.8,34,90,6.93
114,Sorada,IN,2020-05-06 01:12:37,19.75,84.43,85.15,70,13,1.14
115,Turgoyak,RU,2020-05-06 01:12:37,55.15,60.12,52.07,70,0,2.48
116,Mugla,TR,2020-05-06 01:12:37,37.23,28.36,60.8,93,0,5.82
117,Kapaa,US,2020-05-06 01:12:38,22.08,-159.32,78.8,74,90,14.99
118,Nhulunbuy,AU,2020-05-06 01:12:38,-12.23,136.77,84.2,62,75,16.11
119,Dikson,RU,2020-05-06 01:12:39,73.51,80.55,8.87,92,88,12.08
120,Cidreira,BR,2020-05-06 01:12:39,-30.18,-50.21,64.54,90,100,9.98
121,Sitka,US,2020-05-06 01:12:40,57.05,-135.33,53.6,58,75,5.82
122,Cape Town,ZA,2020-05-06 01:08:36,-33.93,18.42,63.0,88,0,10.29
123,Castro,BR,2020-05-06 01:12:39,-24.79,-50.01,59.09,74,100,4.34
124,Kasongo-Lunda,CD,2020-05-06 01:12:41,-6.47,16.82,71.47,90,100,0.07
125,Soma,TR,2020-05-06 01:12:42,39.19,27.61,44.6,100,12,0.72
126,Inuvik,CA,2020-05-06 01:12:42,68.35,-133.72,33.8,98,90,3.36
127,Katangli,RU,2020-05-06 01:12:42,51.71,143.23,42.75,63,84,12.97
128,Tuatapere,NZ,2020-05-06 01:12:42,-46.13,167.68,54.3,72,89,5.37
129,Brooks,CA,2020-05-06 01:07:44,50.58,-111.89,59.0,36,2,3.0
130,Mogadishu,SO,2020-05-06 01:12:43,2.04,45.34,82.47,82,11,10.83
131,Trairi,BR,2020-05-06 01:12:44,-3.28,-39.27,78.04,90,71,8.75
132,Svetlogorsk,BY,2020-05-06 01:12:44,52.63,29.73,47.03,92,100,4.74
133,Mapiripan,CO,2020-05-06 01:12:45,2.89,-72.13,78.06,82,80,2.68
134,Mana,GF,2020-05-06 01:12:45,5.66,-53.78,78.84,86,100,12.95
135,Igarka,RU,2020-05-06 01:12:45,67.47,86.58,19.22,93,100,4.41
136,Ushtobe,KZ,2020-05-06 01:12:46,45.25,77.98,44.44,58,24,23.17
137,Dingle,PH,2020-05-06 01:12:46,11.0,122.67,88.81,60,24,4.99
138,Port Hedland,AU,2020-05-06 01:12:46,-20.32,118.57,78.8,50,0,6.93
139,Stony Mountain,CA,2020-05-06 01:12:46,50.09,-97.22,57.2,35,75,11.41
140,Tiksi,RU,2020-05-06 01:12:46,71.69,128.87,21.87,97,100,7.56
141,Jammalamadugu,IN,2020-05-06 01:12:47,14.83,78.4,87.87,53,26,7.23
142,Maunabo,PR,2020-05-06 01:12:47,18.01,-65.9,81.0,85,100,7.02
143,Saint-Joseph,RE,2020-05-06 01:12:47,-21.37,55.62,71.6,78,35,4.7
144,Chuy,UY,2020-05-06 01:12:47,-33.7,-53.46,55.13,75,17,16.2
145,Alofi,NU,2020-05-06 01:12:48,-19.06,-169.92,86.0,58,40,5.82
146,Praia Da Vitoria,PT,2020-05-06 01:12:48,38.73,-27.07,60.8,77,75,7.4
147,Rawson,AR,2020-05-06 01:12:48,-43.3,-65.1,50.95,59,0,3.13
148,Luderitz,NA,2020-05-06 01:12:24,-26.65,15.16,74.17,26,0,6.91
149,Fort Nelson,CA,2020-05-06 01:12:49,58.81,-122.7,55.4,54,75,5.82
150,Invermere,CA,2020-05-06 01:12:49,50.52,-116.04,59.41,38,90,3.85
151,Puerto Del Rosario,ES,2020-05-06 01:12:49,28.5,-13.86,66.2,68,40,14.99
152,Whitianga,NZ,2020-05-06 01:12:50,-36.83,175.7,61.0,63,0,7.0
153,La Ronge,CA,2020-05-06 01:12:50,55.1,-105.28,55.4,30,5,5.82
154,Pevek,RU,2020-05-06 01:12:51,69.7,170.31,22.08,88,74,2.39
155,Khingansk,RU,2020-05-06 01:12:51,49.12,131.18,52.95,36,0,11.05
156,Nova Olimpia,BR,2020-05-06 01:12:51,-14.8,-57.29,77.74,68,100,1.61
157,Ixtapa,MX,2020-05-06 01:12:52,20.7,-105.2,80.6,74,5,9.17
158,Port Augusta,AU,2020-05-06 01:12:52,-32.5,137.77,63.0,41,100,18.34
159,Picota,PE,2020-05-06 01:12:52,-6.92,-76.33,77.4,80,0,1.7
160,Pimentel,PE,2020-05-06 01:12:52,-6.84,-79.93,68.92,84,0,11.45
161,Skegness,GB,2020-05-06 01:12:53,53.14,0.34,46.4,80,20,3.36
162,East London,ZA,2020-05-06 01:12:53,-33.02,27.91,64.67,59,33,11.54
163,Foumban,CM,2020-05-06 01:12:53,5.73,10.9,65.84,83,0,3.6
164,The Valley,AI,2020-05-06 01:12:53,18.22,-63.06,82.4,78,20,9.17
165,Imbituba,BR,2020-05-06 01:12:54,-28.24,-48.67,68.0,88,95,2.24
166,Wicklow,IE,2020-05-06 01:12:54,53.0,-6.42,46.4,87,11,6.93
167,Arcata,US,2020-05-06 01:09:00,40.87,-124.08,60.01,87,90,4.7
168,Bengkulu,ID,2020-05-06 01:12:57,-3.8,102.27,80.19,79,92,4.85
169,Qaanaaq,GL,2020-05-06 01:12:57,77.48,-69.36,12.47,83,94,4.63
170,Fortuna,US,2020-05-06 01:12:58,40.6,-124.16,60.01,82,90,9.17
171,Albert,FR,2020-05-06 01:12:58,50.0,2.65,48.99,61,88,11.41
172,Grindavik,IS,2020-05-06 01:12:58,63.84,-22.43,42.8,81,75,5.82
173,Georgetown,MY,2020-05-06 01:10:03,5.41,100.34,82.4,100,40,4.7
174,Flinders,AU,2020-05-06 01:12:59,-34.58,150.86,70.0,61,27,8.01
175,Suez,EG,2020-05-06 01:12:59,29.97,32.53,60.87,71,1,6.64
176,Kropotkin,RU,2020-05-06 01:13:00,45.44,40.58,54.77,96,100,6.55
177,Artyom,AZ,2020-05-06 01:13:01,40.47,50.33,64.4,82,40,4.7
178,New Norfolk,AU,2020-05-06 01:13:02,-42.78,147.06,57.99,74,93,5.97
179,Frontera,MX,2020-05-06 01:13:02,26.93,-101.45,77.68,67,100,9.08
180,Sedan,FR,2020-05-06 01:13:03,49.67,5.0,44.01,74,34,8.59
181,Geraldton,AU,2020-05-06 01:13:03,-28.77,114.6,64.4,59,75,18.34
182,Vegueta,PE,2020-05-06 01:13:03,-11.02,-77.64,67.26,83,99,5.37
183,Bratslav,UA,2020-05-06 01:13:04,48.82,28.94,50.0,81,100,6.4
184,Sao Raimundo Nonato,BR,2020-05-06 01:13:04,-9.02,-42.7,74.28,74,100,3.15
185,Mahdalynivka,UA,2020-05-06 01:13:05,48.92,34.92,53.6,93,75,4.47
186,Port Macquarie,AU,2020-05-06 01:13:05,-31.43,152.92,73.0,61,13,1.01
187,Ust-Maya,RU,2020-05-06 01:13:05,60.42,134.53,42.31,66,28,4.83
188,Hilo,US,2020-05-06 01:10:21,19.73,-155.09,82.4,54,90,10.29
189,Avarua,CK,2020-05-06 01:13:06,-21.21,-159.78,80.6,83,77,6.93
190,Puerto Leguizamo,CO,2020-05-06 01:13:06,-0.19,-74.78,75.54,84,0,0.63
191,Honningsvag,NO,2020-05-06 01:13:07,70.98,25.97,39.31,76,68,15.97
192,Natal,BR,2020-05-06 01:13:07,-5.79,-35.21,77.0,100,40,4.7
193,Ribeira Grande,PT,2020-05-06 01:12:12,38.52,-28.7,62.2,84,99,14.7
194,Port Alfred,ZA,2020-05-06 01:13:08,-33.59,26.89,63.0,86,9,4.0
195,Aklavik,CA,2020-05-06 01:13:08,68.22,-135.01,33.8,99,90,4.7
196,Muisne,EC,2020-05-06 01:13:08,0.6,-80.03,77.43,86,17,7.52
197,Stornoway,GB,2020-05-06 01:13:09,58.21,-6.39,35.6,93,0,1.39
198,Narsaq,GL,2020-05-06 01:13:09,60.92,-46.05,44.6,70,100,5.82
199,Margate,GB,2020-05-06 01:13:09,51.38,1.39,48.99,85,0,17.05
200,Mehamn,NO,2020-05-06 01:13:10,71.04,27.85,36.32,82,33,20.15
201,Yabrud,SY,2020-05-06 01:13:10,33.97,36.66,51.8,87,40,8.05
202,Bilma,NE,2020-05-06 01:13:12,18.69,12.92,79.3,14,0,6.08
203,Dawlatabad,AF,2020-05-06 01:13:12,36.41,64.91,70.07,41,0,2.55
204,Payakumbuh,ID,2020-05-06 01:13:16,-0.22,100.63,74.26,86,81,1.43
205,Saint-Paul,RE,2020-05-06 01:13:17,-21.01,55.27,73.4,64,74,6.93
206,Port Lincoln,AU,2020-05-06 01:13:17,-34.73,135.87,65.59,33,96,23.78
207,Natchez,US,2020-05-06 01:13:17,31.56,-91.4,75.2,73,1,12.75
208,Cap Malheureux,MU,2020-05-06 01:13:17,-19.98,57.61,73.99,87,18,1.01
209,Wasilla,US,2020-05-06 01:13:22,61.58,-149.44,62.6,42,1,3.36
210,Sao Desiderio,BR,2020-05-06 01:13:22,-12.36,-44.97,70.23,81,95,3.42
211,Masuguru,TZ,2020-05-06 01:13:22,-11.37,38.42,70.86,79,4,4.32
212,Quang Ngai,VN,2020-05-06 01:13:22,15.12,108.8,85.71,55,0,6.08
213,Genhe,CN,2020-05-06 01:13:23,50.78,121.52,56.91,36,98,5.3
214,Sept-Iles,CA,2020-05-06 01:13:23,50.2,-66.38,46.4,39,75,6.93
215,Merauke,ID,2020-05-06 01:13:24,-8.47,140.33,82.09,73,100,14.47
216,Islamkot,PK,2020-05-06 01:13:24,24.7,70.18,76.42,86,0,9.93
217,Vokhma,RU,2020-05-06 01:13:24,58.93,46.76,52.03,76,5,7.11
218,Butte,US,2020-05-06 01:13:24,39.65,-121.57,87.8,12,1,10.29
219,Kodiak,US,2020-05-06 01:13:25,57.79,-152.41,44.6,70,90,20.8
220,Hofn,IS,2020-05-06 01:13:27,64.25,-15.21,47.21,52,76,11.92
221,Greensburg,US,2020-05-06 01:13:28,40.3,-79.54,48.2,66,75,5.82
222,Gebze,TR,2020-05-06 01:13:28,40.8,29.43,55.4,87,0,1.12
223,Bitung,ID,2020-05-06 01:13:28,1.45,125.18,86.0,74,20,1.12
224,La Peca,PE,2020-05-06 01:13:29,-5.61,-78.44,70.3,83,5,3.29
225,Ritchie,ZA,2020-05-06 01:13:29,-29.04,24.6,41.0,86,64,2.24
226,Guerrero Negro,MX,2020-05-06 01:13:30,27.98,-114.06,71.73,61,0,18.3
227,Birigui,BR,2020-05-06 01:13:30,-21.29,-50.34,67.32,84,100,2.39
228,Kahului,US,2020-05-06 01:13:30,20.89,-156.47,86.0,45,40,20.8
229,Dwarka,IN,2020-05-06 01:12:17,22.24,68.97,81.3,86,0,11.77
230,Puerto Carreno,CO,2020-05-06 01:13:31,6.19,-67.49,82.6,75,100,6.82
231,Gbarnga,LR,2020-05-06 01:13:31,7.0,-9.47,73.98,98,23,0.54
232,Komsomolskiy,UZ,2020-05-06 01:13:31,40.43,71.72,59.0,72,100,6.93
233,Te Anau,NZ,2020-05-06 01:13:31,-45.42,167.72,55.62,61,60,4.47
234,Saskylakh,RU,2020-05-06 01:13:32,71.92,114.08,3.09,92,98,9.73
235,Ulkan,RU,2020-05-06 01:13:34,57.24,107.32,44.47,59,73,12.19
236,Avera,US,2020-05-06 01:13:34,33.19,-82.53,77.0,73,40,7.78
237,Saint George,US,2020-05-06 01:13:35,37.1,-113.58,89.01,8,1,4.7
238,Nova Zagora,BG,2020-05-06 01:13:35,42.48,26.02,50.0,93,40,1.52
239,Ayaviri,PE,2020-05-06 01:13:35,-14.89,-70.59,45.09,64,25,3.42
240,Barabai,ID,2020-05-06 01:13:36,-2.58,115.38,86.34,69,49,1.1
241,Russell,US,2020-05-06 01:13:36,32.35,-85.2,80.6,69,1,5.82
242,Takestan,IR,2020-05-06 01:13:36,36.07,49.7,62.38,49,96,10.85
243,Kiunga,PG,2020-05-06 01:13:37,-6.12,141.29,82.67,77,100,1.3
244,Kununurra,AU,2020-05-06 01:13:37,-15.77,128.73,80.6,19,0,9.17
245,Ciudad Bolivar,VE,2020-05-06 01:13:37,8.12,-63.55,86.22,58,100,15.97
246,Tuktoyaktuk,CA,2020-05-06 01:13:37,69.45,-133.04,30.2,80,90,3.36
247,Apollonia,GR,2020-05-06 01:13:38,36.97,24.72,61.0,93,14,6.93
248,Salym,RU,2020-05-06 01:13:38,60.06,71.48,52.86,87,47,8.99
249,Manaure,CO,2020-05-06 01:13:38,11.78,-72.44,81.46,76,25,19.64
250,Nanortalik,GL,2020-05-06 01:13:39,60.14,-45.24,40.87,77,100,12.01
251,Ambilobe,MG,2020-05-06 01:13:39,-13.2,49.05,72.18,89,8,2.71
252,Balakhninskiy,RU,2020-05-06 01:13:39,58.01,114.28,45.23,75,100,2.28
253,Kargasok,RU,2020-05-06 01:13:40,59.06,80.86,43.59,90,100,10.58
254,Gushikawa,JP,2020-05-06 01:13:40,26.35,127.87,77.0,94,90,12.75
255,Bouna,CI,2020-05-06 01:13:41,9.27,-3.0,80.91,69,3,6.67
256,Sao Sebastiao,BR,2020-05-06 01:13:41,-23.76,-45.41,70.52,64,87,3.78
257,Kutum,SD,2020-05-06 01:13:41,14.2,24.67,74.5,20,2,16.62
258,Tselinnoye,RU,2020-05-06 01:13:42,53.08,85.67,42.37,73,94,7.9
259,Namibe,AO,2020-05-06 01:13:43,-15.2,12.15,78.44,68,31,0.31
260,Kuah,MY,2020-05-06 01:13:43,6.33,99.84,80.6,94,20,4.7
261,Tonantins,BR,2020-05-06 01:13:45,-2.87,-67.8,76.12,96,99,3.18
262,Cherskiy,RU,2020-05-06 01:13:46,68.75,161.3,30.04,92,0,3.11
263,Alghero,IT,2020-05-06 01:13:46,40.56,8.32,66.0,87,100,3.36
264,Kulhudhuffushi,MV,2020-05-06 01:13:46,6.62,73.07,85.51,79,67,10.13
265,Bambous Virieux,MU,2020-05-06 01:13:47,-20.34,57.76,73.99,94,40,3.36
266,Halden,NO,2020-05-06 01:14:28,59.12,11.39,41.0,60,21,2.24
267,Sambava,MG,2020-05-06 01:14:28,-14.27,50.17,73.76,86,2,6.76
268,Catarama,EC,2020-05-06 01:14:28,-1.58,-79.47,76.6,87,39,1.23
269,Tripoli,LY,2020-05-06 01:12:27,32.88,13.19,77.45,34,2,11.07
270,Biskamzha,RU,2020-05-06 01:14:32,53.45,89.53,36.91,81,70,8.79
271,Puerto Madryn,AR,2020-05-06 01:10:26,-42.77,-65.04,50.41,53,0,2.13
272,Byron Bay,AU,2020-05-06 01:14:33,-28.65,153.62,66.99,93,90,9.17
273,Kenda,IN,2020-05-06 01:14:33,23.2,86.53,79.5,81,0,3.6
274,Kidal,ML,2020-05-06 01:14:33,18.44,1.41,82.22,23,0,2.37
275,Pemberton,CA,2020-05-06 01:14:34,50.32,-122.8,60.8,38,20,4.16
276,Daru,PG,2020-05-06 01:14:35,-9.08,143.21,81.59,74,45,15.86
277,Nurota,UZ,2020-05-06 01:14:35,40.56,65.69,59.0,82,56,2.24
278,Ahipara,NZ,2020-05-06 01:14:36,-35.17,173.17,60.35,55,0,15.3
279,Mount Pleasant,US,2020-05-06 01:14:36,32.79,-79.86,73.99,88,1,8.05
280,Sao Felix Do Xingu,BR,2020-05-06 01:14:37,-6.64,-51.99,74.14,91,61,2.04
281,Ostrovnoy,RU,2020-05-06 01:14:59,68.05,39.51,34.05,89,0,21.07
282,Azanka,RU,2020-05-06 01:14:59,58.04,64.79,53.26,64,40,8.28
283,Tateyama,JP,2020-05-06 01:14:59,34.98,139.87,69.01,82,75,12.75
284,Ous,RU,2020-05-06 01:15:00,60.91,61.52,52.05,80,69,6.2
285,Pochutla,MX,2020-05-06 01:15:00,15.74,-96.47,84.99,70,100,6.04
286,Mitsamiouli,KM,2020-05-06 01:15:00,-11.38,43.28,81.52,74,98,8.43
287,Araouane,ML,2020-05-06 01:15:01,18.9,-3.53,87.49,12,59,6.24
288,Leningradskiy,RU,2020-05-06 01:15:01,69.38,178.42,23.02,93,16,9.28
289,Hambantota,LK,2020-05-06 01:15:02,6.12,81.12,78.8,100,20,4.7
290,Ibra,OM,2020-05-06 01:15:03,22.69,58.53,81.64,46,0,2.26
291,Lorengau,PG,2020-05-06 01:15:03,-2.02,147.27,83.35,79,56,6.6
292,Riyadh,SA,2020-05-06 01:15:04,24.69,46.72,80.6,57,75,5.23
293,Gamboula,CF,2020-05-06 01:11:06,4.12,15.14,68.32,98,100,1.59
294,Tual,ID,2020-05-06 01:15:05,-5.67,132.75,83.59,80,52,15.12
295,Vanavara,RU,2020-05-06 01:15:05,60.34,102.28,35.69,94,100,9.24
296,Inhambane,MZ,2020-05-06 01:15:06,-23.86,35.38,69.01,75,0,5.01
297,Kachiry,KZ,2020-05-06 01:15:06,53.07,76.1,46.51,55,3,9.78
298,Linjiang,CN,2020-05-06 01:15:07,41.81,126.91,59.99,38,0,4.5
299,San Patricio,MX,2020-05-06 01:15:07,19.22,-104.7,82.4,74,5,3.51
300,Vardo,NO,2020-05-06 01:15:08,70.37,31.11,37.26,92,100,25.86
301,Samarai,PG,2020-05-06 01:15:08,-10.62,150.67,81.37,74,100,15.26
302,Longyearbyen,SJ,2020-05-06 01:14:10,78.22,15.64,30.2,68,20,24.16
303,Broome,US,2020-05-06 01:15:09,42.25,-75.83,41.0,41,1,9.17
304,Kontagora,NG,2020-05-06 01:15:10,10.4,5.47,83.89,50,0,4.38
305,Yurimaguas,PE,2020-05-06 01:15:11,-5.9,-76.08,77.52,83,0,2.26
306,Qaqortoq,GL,2020-05-06 01:15:11,60.72,-46.03,44.6,70,100,5.82
307,Saryagash,KZ,2020-05-06 01:15:12,41.45,69.17,60.8,67,63,9.17
308,Harper,LR,2020-05-06 01:15:12,4.38,-7.72,80.33,83,22,3.51
309,Ilulissat,GL,2020-05-06 01:15:13,69.22,-51.1,28.4,58,0,9.17
310,Kruisfontein,ZA,2020-05-06 01:12:08,-34.0,24.73,55.74,69,4,6.42
311,Buala,SB,2020-05-06 01:15:14,-8.14,159.59,86.59,61,74,0.81
312,Nador,MA,2020-05-06 01:15:16,35.17,-2.93,71.6,43,92,9.17
313,Beecher,US,2020-05-06 01:15:16,43.09,-83.69,46.4,28,1,11.41
314,General Higinio Morinigo,PY,2020-05-06 01:15:17,-25.95,-55.92,64.51,100,100,7.23
315,Poronaysk,RU,2020-05-06 01:15:17,49.22,143.12,42.24,66,0,8.41
316,Severo-Yeniseyskiy,RU,2020-05-06 01:15:18,60.37,93.04,32.41,97,100,8.28
317,Portland,US,2020-05-06 01:13:20,45.52,-122.68,73.4,40,75,5.82
318,Talnakh,RU,2020-05-06 01:15:19,69.49,88.4,21.2,85,100,8.95
319,Riviere-Au-Renard,CA,2020-05-06 01:15:19,49.0,-64.4,33.8,86,90,4.7
320,Bima,ID,2020-05-06 01:15:20,-8.47,118.72,83.46,72,9,4.5
321,Sola,VU,2020-05-06 01:15:20,-13.88,167.55,89.6,75,75,9.22
322,Northam,GB,2020-05-06 01:15:21,51.03,-4.22,50.0,68,98,5.01
323,Srandakan,ID,2020-05-06 01:15:21,-7.94,110.25,81.68,81,71,1.99
324,Honiara,SB,2020-05-06 01:13:31,-9.43,159.95,89.6,66,20,5.82
325,Klyuchevskiy,RU,2020-05-06 01:15:21,53.53,119.45,56.59,34,91,7.36
326,Okato,NZ,2020-05-06 01:15:22,-39.2,173.88,55.0,64,0,11.01
327,Sterling,US,2020-05-06 01:12:26,39.01,-77.43,50.0,81,90,5.82
328,Hengshui,CN,2020-05-06 01:15:22,37.73,115.7,72.9,34,0,6.58
329,Korla,CN,2020-05-06 01:15:23,41.76,86.15,63.54,36,100,10.11
330,Hobyo,SO,2020-05-06 01:15:23,5.35,48.53,83.41,75,42,5.46
331,Pisco,PE,2020-05-06 01:15:23,-13.7,-76.22,66.2,82,75,12.75
332,Hami,CN,2020-05-06 01:15:23,42.8,93.45,64.74,31,100,18.54
333,Omboue,GA,2020-05-06 01:15:23,-1.57,9.26,77.68,94,68,4.18
334,Limbazi,LV,2020-05-06 01:15:24,57.51,24.72,48.0,71,87,5.01
335,Mirnyy,RU,2020-05-06 01:15:24,62.54,113.96,48.2,42,75,4.47
336,Lincoln,US,2020-05-06 01:14:41,40.8,-96.67,61.0,41,1,14.99
337,Humboldt,US,2020-05-06 01:15:25,40.67,-123.92,60.01,82,90,9.17
338,Basco,PH,2020-05-06 01:15:25,20.45,121.97,82.53,76,40,10.71
339,Impfondo,CG,2020-05-06 01:15:25,1.64,18.07,72.91,97,100,2.44
340,Springbok,ZA,2020-05-06 01:15:26,-29.66,17.89,58.73,32,78,6.93
341,Wakefield,GB,2020-05-06 01:11:49,53.68,-1.5,39.0,84,0,2.95
342,Bocas Del Toro,PA,2020-05-06 01:13:59,9.33,-82.25,66.0,91,100,3.65
343,Edson,CA,2020-05-06 01:12:09,53.58,-116.44,60.8,29,1,6.93
344,Hamilton,US,2020-05-06 01:13:18,39.18,-84.53,50.0,70,90,8.05
345,Kurilsk,RU,2020-05-06 01:15:27,45.23,147.88,41.14,68,64,2.37
346,Tiznit,MA,2020-05-06 01:11:47,29.58,-9.5,63.12,68,0,1.86
347,Covington,US,2020-05-06 01:15:28,39.08,-84.51,50.0,57,90,9.17
348,Iqaluit,CA,2020-05-06 01:15:28,63.75,-68.51,12.2,78,5,8.05
349,Dzaoudzi,YT,2020-05-06 01:15:28,-12.79,45.27,82.4,78,75,11.41
350,Provideniya,RU,2020-05-06 01:15:28,64.38,-173.3,32.0,73,0,6.71
351,Vestmannaeyjar,IS,2020-05-06 01:15:29,63.44,-20.27,44.38,87,100,10.65
352,Torbat-E Jam,IR,2020-05-06 01:15:29,35.24,60.62,67.32,37,0,1.41
353,Luanda,AO,2020-05-06 01:15:29,-8.84,13.23,80.6,74,75,3.22
354,Pandan,PH,2020-05-06 01:15:29,14.05,124.17,87.37,65,62,4.88
355,Yangambi,CD,2020-05-06 01:15:29,0.81,24.43,71.17,97,95,1.39
356,Matara,LK,2020-05-06 01:15:30,5.95,80.54,80.51,85,24,5.86
357,Les Cayes,HT,2020-05-06 01:15:30,18.2,-73.75,77.85,85,100,3.78
358,Kavaratti,IN,2020-05-06 01:15:30,10.57,72.64,85.19,78,80,10.65
359,Limbang,MY,2020-05-06 01:15:47,4.75,115.0,82.4,83,75,1.12
360,Khorixas,NA,2020-05-06 01:16:05,-20.37,14.97,71.4,23,0,11.83
361,Bulgan,MN,2020-05-06 01:16:05,48.81,103.53,48.43,63,100,9.48
362,Nicoya,CR,2020-05-06 01:15:03,10.15,-85.45,89.6,49,75,6.93
363,Tigil,RU,2020-05-06 01:16:05,57.8,158.67,38.16,83,100,5.86
364,Abonnema,NG,2020-05-06 01:16:06,4.71,6.79,80.31,84,80,4.5
365,Norman Wells,CA,2020-05-06 01:16:06,65.28,-126.83,50.0,83,20,11.41
366,Ninghai,CN,2020-05-06 01:16:06,29.29,121.42,71.01,88,75,6.71
367,Mount Isa,AU,2020-05-06 01:16:06,-20.73,139.5,77.0,36,0,17.22
368,Dillon,US,2020-05-06 01:16:07,34.42,-79.37,69.8,93,90,6.93
369,Val,HU,2020-05-06 01:16:08,47.36,18.68,48.0,60,67,4.0
370,Lastoursville,GA,2020-05-06 01:16:08,-0.81,12.73,74.35,93,100,2.26
371,Walvis Bay,NA,2020-05-06 01:16:13,-22.96,14.51,79.72,21,0,11.59
372,Xining,CN,2020-05-06 01:16:13,36.62,101.77,60.89,58,100,0.81
373,Jalu,LY,2020-05-06 01:12:53,29.03,21.55,62.69,40,0,9.95
374,Surt,LY,2020-05-06 01:16:14,31.21,16.59,65.46,51,0,12.21
375,Coquimbo,CL,2020-05-06 01:13:06,-29.95,-71.34,55.4,93,0,3.36
376,Roald,NO,2020-05-06 01:16:15,62.58,6.13,46.0,93,100,23.04
377,Maniitsoq,GL,2020-05-06 01:16:16,65.42,-52.9,31.32,92,88,11.43
378,Volovo,UA,2020-05-06 01:16:16,48.52,23.51,34.66,89,35,3.47
379,Asau,RO,2020-05-06 01:16:17,46.43,26.4,51.01,71,100,1.12
380,Cabras,IT,2020-05-06 01:16:17,39.93,8.53,64.99,61,100,3.0
381,Zlitan,LY,2020-05-06 01:16:18,32.47,14.57,70.07,56,0,12.68
382,Biltine,TD,2020-05-06 01:16:18,14.53,20.92,88.29,13,98,18.41
383,Anito,PH,2020-05-06 01:16:18,12.45,125.29,86.76,68,84,7.09
384,Aguimes,ES,2020-05-06 01:16:19,27.91,-15.45,66.2,63,20,12.75
385,Upernavik,GL,2020-05-06 01:16:21,72.79,-56.15,21.88,89,0,7.34
386,Marshall,US,2020-05-06 01:13:43,34.38,-86.33,66.0,82,75,6.93
387,Tilichiki,RU,2020-05-06 01:16:23,60.47,166.1,29.64,98,100,31.63
388,Gurupa,BR,2020-05-06 01:16:23,-1.41,-51.64,75.18,97,100,4.21
389,Santa Maria,BR,2020-05-06 01:16:23,-29.68,-53.81,60.8,93,40,9.93
390,Plettenberg Bay,ZA,2020-05-06 01:16:24,-34.05,23.37,60.66,76,15,5.35
391,Vidim,RU,2020-05-06 01:16:24,56.41,103.11,35.64,86,100,13.56
392,Waipawa,NZ,2020-05-06 01:16:32,-41.41,175.52,55.99,58,1,9.17
393,Grand-Santi,GF,2020-05-06 01:16:32,4.25,-54.38,74.75,97,100,2.89
394,Nancha,CN,2020-05-06 01:16:32,47.13,129.27,63.41,27,0,3.4
395,Kasempa,ZM,2020-05-06 01:16:33,-13.46,25.83,58.01,73,0,5.55
396,Antofagasta,CL,2020-05-06 01:16:33,-23.65,-70.4,60.8,82,90,8.05
397,Port Hardy,CA,2020-05-06 01:16:33,50.7,-127.42,57.2,50,90,13.87
398,Coahuayana,MX,2020-05-06 01:16:33,18.73,-103.68,82.4,45,20,11.41
399,Baker City,US,2020-05-06 01:13:37,44.77,-117.83,78.8,14,20,11.41
400,Sarakhs,IR,2020-05-06 01:16:34,36.54,61.16,64.4,77,0,2.24
401,Bowen,AU,2020-05-06 01:16:34,-20.02,148.23,77.0,57,40,19.46
402,Dingli,MT,2020-05-06 01:16:35,35.86,14.38,64.0,100,20,5.82
403,Alice Springs,AU,2020-05-06 01:16:02,-23.7,133.88,68.0,22,0,8.05
404,Barcelona,ES,2020-05-06 01:13:03,41.39,2.16,68.0,82,20,6.93
405,Los Llanos De Aridane,ES,2020-05-06 01:16:35,28.66,-17.92,66.2,72,100,6.93
406,Orotukan,RU,2020-05-06 01:16:36,62.27,151.7,25.84,97,100,18.05
407,Richards Bay,ZA,2020-05-06 01:16:36,-28.78,32.04,65.28,81,3,8.5
408,Smithers,CA,2020-05-06 01:15:57,54.78,-127.17,59.0,22,75,8.05
409,Taltal,CL,2020-05-06 01:16:37,-25.4,-70.48,59.47,75,2,3.51
410,General Jose Eduvigis Diaz,PY,2020-05-06 01:16:37,-27.17,-58.42,66.2,77,100,20.8
411,Sinazongwe,ZM,2020-05-06 01:16:37,-17.26,27.46,68.81,52,0,1.19
412,Aljezur,PT,2020-05-06 01:16:39,37.32,-8.8,61.0,95,92,4.14
413,Doha,QA,2020-05-06 01:12:29,25.29,51.53,81.0,78,24,1.12
414,Viravanallur,IN,2020-05-06 01:16:40,8.7,77.53,83.25,65,2,3.71
415,Camacha,PT,2020-05-06 01:16:40,33.08,-16.33,62.6,82,100,2.24
416,Narasannapeta,IN,2020-05-06 01:16:41,18.42,84.05,83.37,82,6,9.42
417,Lavrentiya,RU,2020-05-06 01:16:41,65.58,-171.0,31.19,91,0,2.15
418,Sabzevar,IR,2020-05-06 01:16:42,36.21,57.68,69.12,36,0,6.29
419,Yining,CN,2020-05-06 01:16:42,29.04,114.56,68.94,90,100,2.64
420,Souillac,MU,2020-05-06 01:16:42,-20.52,57.52,73.4,94,40,3.36
421,Shakawe,BW,2020-05-06 01:16:42,-18.37,21.85,60.67,40,0,6.35
422,Itarema,BR,2020-05-06 01:16:43,-2.92,-39.92,78.89,86,67,11.86
423,Skelleftea,SE,2020-05-06 01:16:43,64.75,20.95,42.8,52,61,10.29
424,At-Bashi,KG,2020-05-06 01:16:43,41.17,75.81,44.37,68,100,3.83
425,Olavarria,AR,2020-05-06 01:16:44,-36.89,-60.32,48.99,90,0,3.0
426,Ca Mau,VN,2020-05-06 01:16:44,9.18,105.15,88.45,60,8,1.77
427,Hovd,MN,2020-05-06 01:16:44,48.01,91.64,35.92,78,100,7.74
428,Ouango,CF,2020-05-06 01:16:44,4.31,22.56,70.14,94,100,1.54
429,Marzuq,YE,2020-05-06 01:16:45,14.4,46.47,74.32,61,91,5.41
430,Santa Rosa,PH,2020-05-06 01:16:45,14.31,121.11,91.0,66,40,3.36
431,Astoria,US,2020-05-06 01:12:37,46.19,-123.83,61.0,77,1,16.11
432,Isiro,CD,2020-05-06 01:16:45,2.77,27.62,68.11,98,100,0.85
433,Maumere,ID,2020-05-06 01:16:46,-8.62,122.21,84.22,68,65,4.45
434,Rovaniemi,FI,2020-05-06 01:16:46,66.5,25.72,35.6,69,20,11.41
435,Batagay-Alyta,RU,2020-05-06 01:16:46,67.8,130.41,26.91,93,100,3.44
436,Paamiut,GL,2020-05-06 01:16:46,61.99,-49.67,34.52,97,100,8.97
437,Tulsipur,NP,2020-05-06 01:16:46,28.13,82.3,69.69,60,0,3.53
438,Assiniboia,CA,2020-05-06 01:12:40,49.63,-105.98,56.53,39,94,6.87
439,Pangnirtung,CA,2020-05-06 01:16:47,66.15,-65.71,8.6,89,0,1.41
440,Aktyubinskiy,RU,2020-05-06 01:16:47,54.81,52.81,49.26,70,0,7.18
441,Muros,ES,2020-05-06 01:16:47,42.78,-9.06,60.01,90,25,5.99
442,Dhidhdhoo,MV,2020-05-06 01:16:48,6.88,73.1,85.59,79,74,10.13
443,Lazaro Cardenas,MX,2020-05-06 01:11:51,17.96,-102.2,77.99,70,0,4.94
444,Naryan-Mar,RU,2020-05-06 01:16:49,67.67,53.09,27.07,98,67,9.13
445,Pula,HR,2020-05-06 01:16:49,44.87,13.85,60.8,63,75,8.05
446,Baykit,RU,2020-05-06 01:16:49,61.67,96.37,37.92,75,73,8.08
447,Kalmunai,LK,2020-05-06 01:16:49,7.42,81.82,81.37,84,35,5.44
448,Kyren,RU,2020-05-06 01:16:50,51.68,102.14,40.42,75,95,0.96
449,Kariba,ZW,2020-05-06 01:16:56,-16.52,28.8,63.43,60,0,5.14
450,Salinopolis,BR,2020-05-06 01:16:56,-0.61,-47.36,79.36,89,100,13.09
451,Isangel,VU,2020-05-06 01:16:57,-19.55,169.27,71.74,87,100,10.92
452,Rosarito,MX,2020-05-06 01:16:58,32.33,-117.03,79.0,57,1,5.82
453,Innisfail,AU,2020-05-06 01:15:31,-17.53,146.03,74.03,83,48,14.0
454,Manavalakurichi,IN,2020-05-06 01:16:59,8.13,77.3,78.8,88,40,3.36
455,Grand-Lahou,CI,2020-05-06 01:16:59,5.14,-5.02,80.73,86,100,7.4
456,Severomuysk,RU,2020-05-06 01:17:00,56.15,113.43,39.54,73,93,3.27
457,Port Blair,IN,2020-05-06 01:17:00,11.67,92.75,84.43,72,46,4.56
458,High Level,CA,2020-05-06 01:17:00,58.52,-117.14,64.4,43,75,10.29
459,Simao,CN,2020-05-06 01:17:01,22.79,100.97,76.73,54,89,5.26
460,Pechenga,RU,2020-05-06 01:17:01,69.53,31.17,37.4,64,98,25.28
461,Rey Bouba,CM,2020-05-06 01:17:01,8.67,14.18,82.72,45,96,1.48
462,Beloha,MG,2020-05-06 01:12:58,-25.17,45.05,63.1,94,35,6.17
463,Koslan,RU,2020-05-06 01:17:02,63.46,48.9,41.45,90,100,4.88
464,Buraydah,SA,2020-05-06 01:17:02,26.33,43.98,77.0,73,0,10.29
465,Siloam Springs,US,2020-05-06 01:13:49,36.19,-94.54,64.4,48,1,4.7
466,Nome,US,2020-05-06 01:17:02,64.5,-165.41,45.0,60,1,5.82
467,Vila Franca Do Campo,PT,2020-05-06 01:17:03,37.72,-25.43,60.8,82,75,11.41
468,Baiyin,CN,2020-05-06 01:17:03,36.56,104.21,55.4,71,20,11.18
469,Fayetteville,US,2020-05-06 01:17:03,35.05,-78.88,69.01,93,90,10.29
470,Oistins,BB,2020-05-06 01:17:03,13.07,-59.53,80.6,78,40,18.34
471,Waiouru,NZ,2020-05-06 01:17:04,-39.48,175.67,42.06,85,88,4.54
472,Antalaha,MG,2020-05-06 01:17:04,-14.9,50.28,73.85,87,20,5.53
473,Takoradi,GH,2020-05-06 01:17:04,4.88,-1.76,81.25,84,0,6.29
474,Nosy Varika,MG,2020-05-06 01:17:05,-20.58,48.53,70.83,92,7,7.47
475,Bundaberg,AU,2020-05-06 01:17:05,-24.85,152.35,79.0,60,40,17.22
476,Semenivka,UA,2020-05-06 01:17:07,52.18,32.58,51.55,95,100,4.21
477,Quatre Cocos,MU,2020-05-06 01:17:07,-20.21,57.76,73.99,94,40,3.36
478,Tingi,TZ,2020-05-06 01:17:07,-11.3,35.03,59.11,93,38,3.8
479,Labuhan,ID,2020-05-06 01:17:07,-6.88,112.21,82.0,82,39,7.07
480,Narrabri,AU,2020-05-06 01:17:08,-30.32,149.78,69.01,59,0,4.7
481,Nantucket,US,2020-05-06 01:12:20,41.28,-70.1,48.0,65,1,3.36
482,Kushima,JP,2020-05-06 01:17:08,31.46,131.23,69.8,88,75,3.36
483,Xai-Xai,MZ,2020-05-06 01:17:08,-25.05,33.64,66.2,85,0,2.46
484,Ust-Karsk,RU,2020-05-06 01:17:08,52.7,118.81,60.87,30,95,6.91
485,Weligama,LK,2020-05-06 01:17:09,5.97,80.42,81.18,83,10,5.59
486,Nenjiang,CN,2020-05-06 01:17:09,49.18,125.22,61.84,32,0,8.12
487,Kolarovo,SK,2020-05-06 01:17:09,47.92,17.98,48.0,75,0,13.87
488,Purranque,CL,2020-05-06 01:17:10,-40.92,-73.17,42.8,100,90,2.37
489,Zhigansk,RU,2020-05-06 01:17:10,66.77,123.37,33.31,98,100,4.92
490,Juneau,US,2020-05-06 01:17:10,58.3,-134.42,53.6,54,75,17.22
491,Ola,RU,2020-05-06 01:17:10,59.58,151.28,37.38,71,100,17.96
492,Maltahohe,NA,2020-05-06 01:17:10,-24.83,16.98,61.45,30,0,8.61
493,Mokolo,CM,2020-05-06 01:17:11,10.74,13.8,80.02,18,0,3.44
494,Sinnamary,GF,2020-05-06 01:17:11,5.38,-52.95,79.2,85,100,14.38
495,Olafsvik,IS,2020-05-06 01:17:11,64.89,-23.71,42.21,89,100,7.78
496,Yamethin,MM,2020-05-06 01:17:12,20.43,96.15,87.13,47,7,6.55
497,Rio Branco,BR,2020-05-06 01:15:57,-9.97,-67.81,77.0,100,84,2.24
498,Yar-Sale,RU,2020-05-06 01:17:13,66.83,70.83,33.44,99,100,9.42
499,Panlaitan,PH,2020-05-06 01:17:14,12.12,119.85,85.87,73,99,10.0
500,Semporna,MY,2020-05-06 01:17:14,4.48,118.61,77.0,94,40,6.93
501,Port-De-Bouc,FR,2020-05-06 01:17:14,43.4,4.98,60.8,93,39,5.82
502,Kalas,IN,2020-05-06 01:17:14,18.17,74.8,78.17,49,0,1.05
503,Surgut,RU,2020-05-06 01:17:14,61.25,73.42,44.6,100,40,2.24
504,Lata,PT,2020-05-06 01:17:15,40.16,-8.33,62.01,89,0,1.95
505,Bhimunipatnam,IN,2020-05-06 01:17:15,17.88,83.43,80.6,94,20,3.36
506,Faya,SA,2020-05-06 01:17:15,18.39,42.45,64.4,88,45,1.16
507,Hervey Bay,AU,2020-05-06 01:17:15,-25.3,152.85,73.99,65,0,8.99
508,Iquique,CL,2020-05-06 01:17:16,-20.22,-70.14,64.4,77,56,11.41
509,Vestmanna,FO,2020-05-06 01:17:16,62.16,-7.17,44.6,87,100,23.04
510,Santa Marinella,IT,2020-05-06 01:17:17,42.03,11.85,54.0,96,100,12.64
511,Melbu,NO,2020-05-06 01:17:17,68.5,14.83,37.99,74,100,11.99
512,Sioux Lookout,CA,2020-05-06 01:17:17,50.1,-91.92,53.6,34,20,5.82
513,Oga,IT,2020-05-06 01:17:17,46.46,10.35,44.6,87,75,10.29
514,Aswan,EG,2020-05-06 01:17:18,24.09,32.91,72.18,31,48,12.53
515,Comodoro Rivadavia,AR,2020-05-06 01:14:43,-45.87,-67.5,48.2,66,0,8.05
516,Kokkola,FI,2020-05-06 01:17:18,63.84,23.13,41.0,64,100,6.93
517,Tutoia,BR,2020-05-06 01:17:18,-2.76,-42.27,78.33,88,21,8.28
518,Bumba,CD,2020-05-06 01:17:20,2.18,22.47,73.96,92,100,1.12
519,Novonikolayevskaya,RU,2020-05-06 01:17:20,45.59,38.37,53.42,95,100,8.88
520,Torbay,CA,2020-05-06 01:12:21,47.67,-52.73,39.2,100,90,21.92
521,Port Lavaca,US,2020-05-06 01:17:20,28.61,-96.63,84.0,82,43,5.01
522,Oshawa,CA,2020-05-06 01:16:20,43.9,-78.85,44.01,69,90,2.24
523,Veraval,IN,2020-05-06 01:17:21,20.9,70.37,78.96,85,0,9.8
524,Mecca,SA,2020-05-06 01:17:21,21.43,39.83,77.52,34,27,0.85
525,Okha,RU,2020-05-06 01:17:21,53.57,142.95,38.32,75,100,15.23
526,Krasnoselkup,RU,2020-05-06 01:17:21,65.7,82.47,28.9,94,100,9.04
527,Soldotna,US,2020-05-06 01:17:22,60.49,-151.06,60.8,26,40,5.82
528,Mamlyutka,KZ,2020-05-06 01:17:22,54.94,68.54,49.23,50,0,8.95
529,Hargeysa,SO,2020-05-06 01:17:23,9.56,44.06,71.35,78,21,4.36
530,Green River,US,2020-05-06 01:17:23,41.53,-109.47,60.8,14,1,13.87
531,Bella Vista,US,2020-05-06 01:17:23,36.43,-94.23,66.2,37,1,5.82
532,Ukiah,US,2020-05-06 01:17:24,39.15,-123.21,69.8,46,1,12.75
533,Benjamin Constant,BR,2020-05-06 01:17:24,-4.38,-70.03,78.8,100,75,3.36
534,Suntar,RU,2020-05-06 01:17:24,62.14,117.63,49.84,62,100,6.4
535,Kaeo,NZ,2020-05-06 01:17:24,-35.1,173.78,61.0,59,0,13.0
536,Hatillo,PR,2020-05-06 01:17:24,18.49,-66.83,79.0,85,54,1.01
537,Santiago,CL,2020-05-06 01:17:25,-33.46,-70.65,68.0,40,0,10.29
538,Kitimat,CA,2020-05-06 01:17:25,54.05,-128.65,59.0,38,75,5.82
539,Aksu,CN,2020-05-06 01:17:25,41.12,80.26,65.48,41,100,5.53
540,Amahai,ID,2020-05-06 01:17:26,-3.33,128.92,87.19,67,0,1.39
541,Tavares,US,2020-05-06 01:17:26,28.8,-81.73,78.8,61,1,5.82
542,Kysyl-Syr,RU,2020-05-06 01:17:26,63.9,122.76,42.67,72,100,6.06
543,Yaan,NG,2020-05-06 01:17:26,7.38,8.57,81.84,72,0,8.16
544,Bolobo,CD,2020-05-06 01:17:26,-2.17,16.23,73.96,92,100,3.38
545,Viani,CO,2020-05-06 01:17:27,4.87,-74.56,60.8,72,40,9.17
546,Sydney,AU,2020-05-06 01:16:13,-33.87,151.21,66.99,59,95,10.29
547,Uyemskiy,RU,2020-05-06 01:17:27,64.47,40.85,28.4,92,100,2.24
548,Taoudenni,ML,2020-05-06 01:17:27,22.68,-3.98,91.42,11,0,6.46
549,Krasnozerskoye,RU,2020-05-06 01:17:27,53.98,79.24,43.59,68,61,8.52
550,Salisbury,GB,2020-05-06 01:17:28,51.07,-1.8,42.8,81,1,10.29
551,Mabaruma,GY,2020-05-06 01:17:28,8.2,-59.78,78.13,82,100,4.68
552,Turayf,SA,2020-05-06 01:17:28,31.67,38.66,50.0,93,40,18.34
553,Patos De Minas,BR,2020-05-06 01:17:28,-18.58,-46.52,60.01,100,98,0.76
554,Cabo San Lucas,MX,2020-05-06 01:14:12,22.89,-109.91,86.0,32,5,4.7
555,Chicama,PE,2020-05-06 01:17:29,-7.84,-79.15,70.88,76,17,4.72
556,Kuandian,CN,2020-05-06 01:17:29,40.73,124.78,65.26,32,0,6.35
